id	kind	path	symbol
vendor/huh/accessibility/accessibility.go:PromptBool	func	vendor/huh/accessibility/accessibility.go	PromptBool	missing	-	-
vendor/huh/accessibility/accessibility.go:PromptInt	func	vendor/huh/accessibility/accessibility.go	PromptInt	missing	-	-
vendor/huh/accessibility/accessibility.go:PromptString	func	vendor/huh/accessibility/accessibility.go	PromptString	missing	-	-
vendor/huh/accessor.go:Accessor	type	vendor/huh/accessor.go	Accessor	missing	-	-
vendor/huh/accessor.go:EmbeddedAccessor	type	vendor/huh/accessor.go	EmbeddedAccessor	missing	-	-
vendor/huh/accessor.go:NewPointerAccessor	func	vendor/huh/accessor.go	NewPointerAccessor	missing	-	-
vendor/huh/accessor.go:PointerAccessor	type	vendor/huh/accessor.go	PointerAccessor	missing	-	-
vendor/huh/eval.go:Eval	type	vendor/huh/eval.go	Eval	missing	-	-
vendor/huh/examples/bubbletea/main.go:Model	type	vendor/huh/examples/bubbletea/main.go	Model	missing	-	-
vendor/huh/examples/bubbletea/main.go:NewModel	func	vendor/huh/examples/bubbletea/main.go	NewModel	missing	-	-
vendor/huh/examples/bubbletea/main.go:NewStyles	func	vendor/huh/examples/bubbletea/main.go	NewStyles	missing	-	-
vendor/huh/examples/bubbletea/main.go:Styles	type	vendor/huh/examples/bubbletea/main.go	Styles	missing	-	-
vendor/huh/examples/burger/main.go:Burger	type	vendor/huh/examples/burger/main.go	Burger	missing	-	-
vendor/huh/examples/burger/main.go:Order	type	vendor/huh/examples/burger/main.go	Order	missing	-	-
vendor/huh/examples/burger/main.go:Spice	type	vendor/huh/examples/burger/main.go	Spice	missing	-	-
vendor/huh/examples/dynamic/dynamic-bubbletea/main.go:Model	type	vendor/huh/examples/dynamic/dynamic-bubbletea/main.go	Model	missing	-	-
vendor/huh/examples/dynamic/dynamic-bubbletea/main.go:NewModel	func	vendor/huh/examples/dynamic/dynamic-bubbletea/main.go	NewModel	missing	-	-
vendor/huh/examples/dynamic/dynamic-bubbletea/main.go:NewStyles	func	vendor/huh/examples/dynamic/dynamic-bubbletea/main.go	NewStyles	missing	-	-
vendor/huh/examples/dynamic/dynamic-bubbletea/main.go:Styles	type	vendor/huh/examples/dynamic/dynamic-bubbletea/main.go	Styles	missing	-	-
vendor/huh/examples/gh/create.go:Action	type	vendor/huh/examples/gh/create.go	Action	missing	-	-
vendor/huh/examples/readme/select/scroll/scroll.go:Pokemon	type	vendor/huh/examples/readme/select/scroll/scroll.go	Pokemon	missing	-	-
vendor/huh/examples/timer/main.go:Model	type	vendor/huh/examples/timer/main.go	Model	missing	-	-
vendor/huh/examples/timer/main.go:NewModel	func	vendor/huh/examples/timer/main.go	NewModel	missing	-	-
vendor/huh/field_confirm.go:Confirm	type	vendor/huh/field_confirm.go	Confirm	missing	-	-
vendor/huh/field_confirm.go:NewConfirm	func	vendor/huh/field_confirm.go	NewConfirm	missing	-	-
vendor/huh/field_filepicker.go:FilePicker	type	vendor/huh/field_filepicker.go	FilePicker	missing	-	-
vendor/huh/field_filepicker.go:NewFilePicker	func	vendor/huh/field_filepicker.go	NewFilePicker	missing	-	-
vendor/huh/field_input.go:EchoMode	type	vendor/huh/field_input.go	EchoMode	missing	-	-
vendor/huh/field_input.go:Input	type	vendor/huh/field_input.go	Input	missing	-	-
vendor/huh/field_input.go:NewInput	func	vendor/huh/field_input.go	NewInput	missing	-	-
vendor/huh/field_multiselect.go:MultiSelect	type	vendor/huh/field_multiselect.go	MultiSelect	missing	-	-
vendor/huh/field_multiselect.go:NewMultiSelect	func	vendor/huh/field_multiselect.go	NewMultiSelect	missing	-	-
vendor/huh/field_note.go:NewNote	func	vendor/huh/field_note.go	NewNote	missing	-	-
vendor/huh/field_note.go:Note	type	vendor/huh/field_note.go	Note	missing	-	-
vendor/huh/field_select.go:NewSelect	func	vendor/huh/field_select.go	NewSelect	missing	-	-
vendor/huh/field_select.go:Select	type	vendor/huh/field_select.go	Select	missing	-	-
vendor/huh/field_text.go:NewText	func	vendor/huh/field_text.go	NewText	missing	-	-
vendor/huh/field_text.go:Text	type	vendor/huh/field_text.go	Text	missing	-	-
vendor/huh/form.go:ErrTimeout	var	vendor/huh/form.go	ErrTimeout	missing	-	-
vendor/huh/form.go:ErrTimeoutUnsupported	var	vendor/huh/form.go	ErrTimeoutUnsupported	missing	-	-
vendor/huh/form.go:ErrUserAborted	var	vendor/huh/form.go	ErrUserAborted	missing	-	-
vendor/huh/form.go:Field	type	vendor/huh/form.go	Field	missing	-	-
vendor/huh/form.go:FieldPosition	type	vendor/huh/form.go	FieldPosition	missing	-	-
vendor/huh/form.go:Form	type	vendor/huh/form.go	Form	missing	-	-
vendor/huh/form.go:FormState	type	vendor/huh/form.go	FormState	missing	-	-
vendor/huh/form.go:NewForm	func	vendor/huh/form.go	NewForm	missing	-	-
vendor/huh/group.go:Group	type	vendor/huh/group.go	Group	missing	-	-
vendor/huh/group.go:NewGroup	func	vendor/huh/group.go	NewGroup	missing	-	-
vendor/huh/group.go:NextField	func	vendor/huh/group.go	NextField	missing	-	-
vendor/huh/group.go:PrevField	func	vendor/huh/group.go	PrevField	missing	-	-
vendor/huh/huh_test.go:TestAbort	func	vendor/huh/huh_test.go	TestAbort	missing	-	-
vendor/huh/huh_test.go:TestAccessibleFields	func	vendor/huh/huh_test.go	TestAccessibleFields	missing	-	-
vendor/huh/huh_test.go:TestAccessibleForm	func	vendor/huh/huh_test.go	TestAccessibleForm	missing	-	-
vendor/huh/huh_test.go:TestConfirm	func	vendor/huh/huh_test.go	TestConfirm	missing	-	-
vendor/huh/huh_test.go:TestDescriptionRowRender	func	vendor/huh/huh_test.go	TestDescriptionRowRender	missing	-	-
vendor/huh/huh_test.go:TestDynamicHelp	func	vendor/huh/huh_test.go	TestDynamicHelp	missing	-	-
vendor/huh/huh_test.go:TestFile	func	vendor/huh/huh_test.go	TestFile	missing	-	-
vendor/huh/huh_test.go:TestForm	func	vendor/huh/huh_test.go	TestForm	missing	-	-
vendor/huh/huh_test.go:TestGetFocusedField	func	vendor/huh/huh_test.go	TestGetFocusedField	missing	-	-
vendor/huh/huh_test.go:TestHideGroup	func	vendor/huh/huh_test.go	TestHideGroup	missing	-	-
vendor/huh/huh_test.go:TestHideGroupLastAndFirstGroupsNotHidden	func	vendor/huh/huh_test.go	TestHideGroupLastAndFirstGroupsNotHidden	missing	-	-
vendor/huh/huh_test.go:TestInlineInput	func	vendor/huh/huh_test.go	TestInlineInput	missing	-	-
vendor/huh/huh_test.go:TestInput	func	vendor/huh/huh_test.go	TestInput	missing	-	-
vendor/huh/huh_test.go:TestInputPasswordAccessible	func	vendor/huh/huh_test.go	TestInputPasswordAccessible	missing	-	-
vendor/huh/huh_test.go:TestMultiSelect	func	vendor/huh/huh_test.go	TestMultiSelect	missing	-	-
vendor/huh/huh_test.go:TestMultiSelectFiltering	func	vendor/huh/huh_test.go	TestMultiSelectFiltering	missing	-	-
vendor/huh/huh_test.go:TestNoTitleOrDescription	func	vendor/huh/huh_test.go	TestNoTitleOrDescription	missing	-	-
vendor/huh/huh_test.go:TestNote	func	vendor/huh/huh_test.go	TestNote	missing	-	-
vendor/huh/huh_test.go:TestPrevGroup	func	vendor/huh/huh_test.go	TestPrevGroup	missing	-	-
vendor/huh/huh_test.go:TestSelect	func	vendor/huh/huh_test.go	TestSelect	missing	-	-
vendor/huh/huh_test.go:TestSelectDynamic	func	vendor/huh/huh_test.go	TestSelectDynamic	missing	-	-
vendor/huh/huh_test.go:TestSelectPageNavigation	func	vendor/huh/huh_test.go	TestSelectPageNavigation	missing	-	-
vendor/huh/huh_test.go:TestSkip	func	vendor/huh/huh_test.go	TestSkip	missing	-	-
vendor/huh/huh_test.go:TestText	func	vendor/huh/huh_test.go	TestText	missing	-	-
vendor/huh/huh_test.go:TestTextExternalEditorHidden	func	vendor/huh/huh_test.go	TestTextExternalEditorHidden	missing	-	-
vendor/huh/huh_test.go:TestTimeout	func	vendor/huh/huh_test.go	TestTimeout	missing	-	-
vendor/huh/huh_test.go:TestTitleRowRender	func	vendor/huh/huh_test.go	TestTitleRowRender	missing	-	-
vendor/huh/internal/accessibility/accessibility.go:PromptBool	func	vendor/huh/internal/accessibility/accessibility.go	PromptBool	missing	-	-
vendor/huh/internal/accessibility/accessibility.go:PromptInt	func	vendor/huh/internal/accessibility/accessibility.go	PromptInt	missing	-	-
vendor/huh/internal/accessibility/accessibility.go:PromptPassword	func	vendor/huh/internal/accessibility/accessibility.go	PromptPassword	missing	-	-
vendor/huh/internal/accessibility/accessibility.go:PromptString	func	vendor/huh/internal/accessibility/accessibility.go	PromptString	missing	-	-
vendor/huh/internal/selector/selector.go:NewSelector	func	vendor/huh/internal/selector/selector.go	NewSelector	missing	-	-
vendor/huh/internal/selector/selector.go:Selector	type	vendor/huh/internal/selector/selector.go	Selector	missing	-	-
vendor/huh/keymap.go:ConfirmKeyMap	type	vendor/huh/keymap.go	ConfirmKeyMap	missing	-	-
vendor/huh/keymap.go:FilePickerKeyMap	type	vendor/huh/keymap.go	FilePickerKeyMap	missing	-	-
vendor/huh/keymap.go:InputKeyMap	type	vendor/huh/keymap.go	InputKeyMap	missing	-	-
vendor/huh/keymap.go:KeyMap	type	vendor/huh/keymap.go	KeyMap	missing	-	-
vendor/huh/keymap.go:MultiSelectKeyMap	type	vendor/huh/keymap.go	MultiSelectKeyMap	missing	-	-
vendor/huh/keymap.go:NewDefaultKeyMap	func	vendor/huh/keymap.go	NewDefaultKeyMap	missing	-	-
vendor/huh/keymap.go:NoteKeyMap	type	vendor/huh/keymap.go	NoteKeyMap	missing	-	-
vendor/huh/keymap.go:SelectKeyMap	type	vendor/huh/keymap.go	SelectKeyMap	missing	-	-
vendor/huh/keymap.go:TextKeyMap	type	vendor/huh/keymap.go	TextKeyMap	missing	-	-
vendor/huh/layout.go:Layout	type	vendor/huh/layout.go	Layout	missing	-	-
vendor/huh/layout.go:LayoutColumns	func	vendor/huh/layout.go	LayoutColumns	missing	-	-
vendor/huh/layout.go:LayoutDefault	var	vendor/huh/layout.go	LayoutDefault	missing	-	-
vendor/huh/layout.go:LayoutGrid	func	vendor/huh/layout.go	LayoutGrid	missing	-	-
vendor/huh/layout.go:LayoutStack	var	vendor/huh/layout.go	LayoutStack	missing	-	-
vendor/huh/option.go:NewOption	func	vendor/huh/option.go	NewOption	missing	-	-
vendor/huh/option.go:NewOptions	func	vendor/huh/option.go	NewOptions	missing	-	-
vendor/huh/option.go:Option	type	vendor/huh/option.go	Option	missing	-	-
vendor/huh/run.go:Run	func	vendor/huh/run.go	Run	missing	-	-
vendor/huh/spinner/spinner.go:New	func	vendor/huh/spinner/spinner.go	New	missing	-	-
vendor/huh/spinner/spinner.go:Spinner	type	vendor/huh/spinner/spinner.go	Spinner	missing	-	-
vendor/huh/spinner/spinner.go:Type	type	vendor/huh/spinner/spinner.go	Type	missing	-	-
vendor/huh/spinner/spinner_test.go:TestNewSpinner	func	vendor/huh/spinner/spinner_test.go	TestNewSpinner	missing	-	-
vendor/huh/spinner/spinner_test.go:TestSpinnerContextCancellation	func	vendor/huh/spinner/spinner_test.go	TestSpinnerContextCancellation	missing	-	-
vendor/huh/spinner/spinner_test.go:TestSpinnerContextCancellationWhileRunning	func	vendor/huh/spinner/spinner_test.go	TestSpinnerContextCancellationWhileRunning	missing	-	-
vendor/huh/spinner/spinner_test.go:TestSpinnerDifferentTypes	func	vendor/huh/spinner/spinner_test.go	TestSpinnerDifferentTypes	missing	-	-
vendor/huh/spinner/spinner_test.go:TestSpinnerInit	func	vendor/huh/spinner/spinner_test.go	TestSpinnerInit	missing	-	-
vendor/huh/spinner/spinner_test.go:TestSpinnerSimple	func	vendor/huh/spinner/spinner_test.go	TestSpinnerSimple	missing	-	-
vendor/huh/spinner/spinner_test.go:TestSpinnerStyleMethods	func	vendor/huh/spinner/spinner_test.go	TestSpinnerStyleMethods	missing	-	-
vendor/huh/spinner/spinner_test.go:TestSpinnerType	func	vendor/huh/spinner/spinner_test.go	TestSpinnerType	missing	-	-
vendor/huh/spinner/spinner_test.go:TestSpinnerUpdate	func	vendor/huh/spinner/spinner_test.go	TestSpinnerUpdate	missing	-	-
vendor/huh/spinner/spinner_test.go:TestSpinnerView	func	vendor/huh/spinner/spinner_test.go	TestSpinnerView	missing	-	-
vendor/huh/spinner/spinner_test.go:TestSpinnerWithActionError	func	vendor/huh/spinner/spinner_test.go	TestSpinnerWithActionError	missing	-	-
vendor/huh/spinner/spinner_test.go:TestSpinnerWithContextAndAction	func	vendor/huh/spinner/spinner_test.go	TestSpinnerWithContextAndAction	missing	-	-
vendor/huh/theme.go:FieldStyles	type	vendor/huh/theme.go	FieldStyles	missing	-	-
vendor/huh/theme.go:FormStyles	type	vendor/huh/theme.go	FormStyles	missing	-	-
vendor/huh/theme.go:GroupStyles	type	vendor/huh/theme.go	GroupStyles	missing	-	-
vendor/huh/theme.go:TextInputStyles	type	vendor/huh/theme.go	TextInputStyles	missing	-	-
vendor/huh/theme.go:Theme	type	vendor/huh/theme.go	Theme	missing	-	-
vendor/huh/theme.go:ThemeBase	func	vendor/huh/theme.go	ThemeBase	missing	-	-
vendor/huh/theme.go:ThemeBase16	func	vendor/huh/theme.go	ThemeBase16	missing	-	-
vendor/huh/theme.go:ThemeCatppuccin	func	vendor/huh/theme.go	ThemeCatppuccin	missing	-	-
vendor/huh/theme.go:ThemeCharm	func	vendor/huh/theme.go	ThemeCharm	missing	-	-
vendor/huh/theme.go:ThemeDracula	func	vendor/huh/theme.go	ThemeDracula	missing	-	-
vendor/huh/validate.go:ValidateLength	func	vendor/huh/validate.go	ValidateLength	missing	-	-
vendor/huh/validate.go:ValidateMaxLength	func	vendor/huh/validate.go	ValidateMaxLength	missing	-	-
vendor/huh/validate.go:ValidateMinLength	func	vendor/huh/validate.go	ValidateMinLength	missing	-	-
vendor/huh/validate.go:ValidateNotEmpty	func	vendor/huh/validate.go	ValidateNotEmpty	missing	-	-
vendor/huh/validate.go:ValidateOneOf	func	vendor/huh/validate.go	ValidateOneOf	missing	-	-
